{"train/global_step":50,"train/loss":4.255724906921387,"train/grad_norm":0.24047218263149261,"_timestamp":1.7720890138139727e+09,"train/learning_rate":2.4499999999999998e-08,"_step":49,"_wandb":{"runtime":533},"_runtime":533,"train/epoch":0.1}