{"_runtime":5979,"total_flos":8.0312264159232e+15,"train/global_step":500,"_step":510,"train_runtime":6456.4174,"train/learning_rate":1.25e-10,"_timestamp":1.772086891288927e+09,"eval/loss":4.271708011627197,"train_samples_per_second":0.62,"eval/runtime":247.4388,"eval/steps_per_second":4.041,"eval/samples_per_second":4.041,"train/grad_norm":0.21867452561855316,"train_loss":4.215009449481964,"train/loss":4.270202159881592,"train/epoch":1,"_wandb":{"runtime":5979},"train_steps_per_second":0.077}